{"cameraMode":{"drawMode":0,"name":"Shaded","section":"Shading Mode"},"sceneLighting":true,"audioPlay":false,"sceneViewState":{"showFog":true,"showMaterialUpdate":false,"showSkybox":true,"showFlares":true,"showImageEffects":true,"showParticleSystems":true},"in2DMode":false,"pivot":{"x":0.022960668429732324,"y":0.02530309557914734,"z":-0.12608832120895387},"rotation":{"x":-0.0867801308631897,"y":-0.05017677694559097,"z":0.004376053810119629,"w":-0.994956374168396},"size":0.2560817301273346,"orthographic":false}