{"cameraMode":{"drawMode":0,"name":"Shaded","section":"Shading Mode"},"sceneLighting":true,"audioPlay":false,"sceneViewState":{"showFog":true,"showMaterialUpdate":false,"showSkybox":true,"showFlares":true,"showImageEffects":true,"showParticleSystems":true},"in2DMode":false,"pivot":{"x":0.8375285267829895,"y":0.08767744898796082,"z":-0.3872073292732239},"rotation":{"x":0.018879231065511705,"y":-0.9791305065155029,"z":0.10795114189386368,"w":0.17120644450187684},"size":1.0279169082641602,"orthographic":false}