{"cameraMode":{"drawMode":0,"name":"Shaded","section":"Shading Mode"},"sceneLighting":false,"audioPlay":false,"sceneViewState":{"showFog":true,"showMaterialUpdate":false,"showSkybox":false,"showFlares":true,"showImageEffects":true,"showParticleSystems":true},"in2DMode":false,"pivot":{"x":-0.07703712582588196,"y":0.1854950487613678,"z":0.12446588277816773},"rotation":{"x":-0.008305972442030907,"y":-0.9907940626144409,"z":0.07176882773637772,"w":-0.11465495079755783},"size":1.001650333404541,"orthographic":false}