{"cameraMode":{"drawMode":0,"name":"Shaded","section":"Shading Mode"},"sceneLighting":true,"audioPlay":false,"sceneViewState":{"showFog":true,"showMaterialUpdate":false,"showSkybox":true,"showFlares":true,"showImageEffects":true,"showParticleSystems":true},"in2DMode":false,"pivot":{"x":0.4307008385658264,"y":-0.26325103640556338,"z":0.6850042939186096},"rotation":{"x":0.17329204082489015,"y":0.2807713449001312,"z":-0.051606111228466037,"w":0.9426082968711853},"size":1.168825387954712,"orthographic":false}