{"cameraMode":{"drawMode":0,"name":"Shaded","section":"Shading Mode"},"sceneLighting":false,"audioPlay":false,"sceneViewState":{"showFog":true,"showMaterialUpdate":false,"showSkybox":false,"showFlares":true,"showImageEffects":true,"showParticleSystems":true},"in2DMode":false,"pivot":{"x":1.4901161193847657e-8,"y":0.0,"z":-0.12000001966953278},"rotation":{"x":0.0070959655568003658,"y":-0.9919115304946899,"z":0.06437546759843826,"w":0.10934388637542725},"size":0.21988797187805177,"orthographic":false}