{"cameraMode":{"drawMode":0,"name":"Shaded","section":"Shading Mode"},"sceneLighting":false,"audioPlay":false,"sceneViewState":{"showFog":true,"showMaterialUpdate":false,"showSkybox":false,"showFlares":true,"showImageEffects":true,"showParticleSystems":true},"in2DMode":false,"pivot":{"x":-0.09018150717020035,"y":0.1542702615261078,"z":0.10542232543230057},"rotation":{"x":0.00029781393823213875,"y":-0.9970703721046448,"z":0.07642489671707154,"w":0.0038869751151651146},"size":0.4121435880661011,"orthographic":true}