{"cameraMode":{"drawMode":0,"name":"Shaded","section":"Shading Mode"},"sceneLighting":false,"audioPlay":false,"sceneViewState":{"showFog":true,"showMaterialUpdate":false,"showSkybox":false,"showFlares":true,"showImageEffects":true,"showParticleSystems":true},"in2DMode":false,"pivot":{"x":-0.13363967835903169,"y":0.0864773690700531,"z":0.13565069437026978},"rotation":{"x":-0.004294896498322487,"y":-0.9953191876411438,"z":0.0807974636554718,"w":-0.05290277674794197},"size":0.4121435880661011,"orthographic":true}