{"cameraMode":{"drawMode":0,"name":"Shaded","section":"Shading Mode"},"sceneLighting":true,"audioPlay":false,"sceneViewState":{"showFog":true,"showMaterialUpdate":false,"showSkybox":true,"showFlares":true,"showImageEffects":true,"showParticleSystems":true},"in2DMode":false,"pivot":{"x":100.07134246826172,"y":100.13154602050781,"z":99.87228393554688},"rotation":{"x":0.01792648620903492,"y":0.9694657325744629,"z":-0.07461096346378327,"w":0.23293377459049226},"size":0.8101381659507752,"orthographic":false}