{"cameraMode":{"drawMode":0,"name":"Shaded","section":"Shading Mode"},"sceneLighting":false,"audioPlay":false,"sceneViewState":{"showFog":true,"showMaterialUpdate":false,"showSkybox":false,"showFlares":true,"showImageEffects":true,"showParticleSystems":true},"in2DMode":false,"pivot":{"x":-0.0008354038000106812,"y":0.1653308868408203,"z":1.1175870895385743e-8},"rotation":{"x":-0.03338974714279175,"y":-0.26059362292289736,"z":-0.9648374319076538,"w":0.009014606475830078},"size":0.6067255735397339,"orthographic":false}