{"cameraMode":{"drawMode":0,"name":"Shaded","section":"Shading Mode"},"sceneLighting":false,"audioPlay":false,"sceneViewState":{"showFog":true,"showMaterialUpdate":false,"showSkybox":false,"showFlares":true,"showImageEffects":true,"showParticleSystems":true},"in2DMode":false,"pivot":{"x":0.18764039874076844,"y":0.16029199957847596,"z":-0.7263656854629517},"rotation":{"x":0.0805976614356041,"y":-0.8800726532936096,"z":0.16151303052902223,"w":0.43920794129371645},"size":0.6254907846450806,"orthographic":false}