{"cameraMode":{"drawMode":0,"name":"Shaded","section":"Shading Mode"},"sceneLighting":true,"audioPlay":false,"sceneViewState":{"showFog":true,"showMaterialUpdate":false,"showSkybox":true,"showFlares":true,"showImageEffects":true,"showParticleSystems":true},"in2DMode":false,"pivot":{"x":-0.07034378498792649,"y":-0.11902489513158798,"z":-0.1497206836938858},"rotation":{"x":-0.016636807471513749,"y":-0.9646151065826416,"z":0.25557610392570498,"w":-0.06282826513051987},"size":1.5353832244873047,"orthographic":false}