{"cameraMode":{"drawMode":0,"name":"Shaded","section":"Shading Mode"},"sceneLighting":true,"audioPlay":false,"sceneViewState":{"showFog":true,"showMaterialUpdate":false,"showSkybox":true,"showFlares":true,"showImageEffects":true,"showParticleSystems":true},"in2DMode":false,"pivot":{"x":0.7926579713821411,"y":-0.284470796585083,"z":-1.2185900211334229},"rotation":{"x":0.0031678073573857548,"y":0.9923532605171204,"z":-0.12066426128149033,"w":0.026121677830815316},"size":1.8536360263824463,"orthographic":false}