{"cameraMode":{"drawMode":0,"name":"Shaded","section":"Shading Mode"},"sceneLighting":true,"audioPlay":false,"sceneViewState":{"showFog":true,"showMaterialUpdate":false,"showSkybox":true,"showFlares":true,"showImageEffects":true,"showParticleSystems":true},"in2DMode":false,"pivot":{"x":0.007678166497498751,"y":-0.02285022847354412,"z":-0.28879281878471377},"rotation":{"x":-0.029056165367364885,"y":-0.9708471894264221,"z":0.17516019940376283,"w":-0.16106918454170228},"size":0.6744695901870728,"orthographic":false}