{"cameraMode":{"drawMode":0,"name":"Shaded","section":"Shading Mode"},"sceneLighting":true,"audioPlay":false,"sceneViewState":{"showFog":true,"showMaterialUpdate":false,"showSkybox":true,"showFlares":true,"showImageEffects":true,"showParticleSystems":true},"in2DMode":false,"pivot":{"x":0.44703346490859988,"y":-0.8990107774734497,"z":-7.066320419311523},"rotation":{"x":-0.0017430975567549468,"y":0.9974384903907776,"z":-0.06692797690629959,"w":-0.025807376950979234},"size":8.610018730163575,"orthographic":false}