{"cameraMode":{"drawMode":0,"name":"Shaded","section":"Shading Mode"},"sceneLighting":true,"audioPlay":false,"sceneViewState":{"showFog":true,"showMaterialUpdate":false,"showSkybox":true,"showFlares":true,"showImageEffects":true,"showParticleSystems":true},"in2DMode":false,"pivot":{"x":-0.2809796929359436,"y":-1.0474967956542969,"z":-0.33059898018836977},"rotation":{"x":-0.0006665714317932725,"y":0.9961201548576355,"z":-0.08788532018661499,"w":-0.007523189298808575},"size":1.3766272068023682,"orthographic":false}