{"cameraMode":{"drawMode":0,"name":"Shaded","section":"Shading Mode"},"sceneLighting":false,"audioPlay":false,"sceneViewState":{"showFog":true,"showMaterialUpdate":false,"showSkybox":false,"showFlares":true,"showImageEffects":true,"showParticleSystems":true},"in2DMode":false,"pivot":{"x":-1.9884694814682007,"y":-4.775903701782227,"z":8.807499885559082},"rotation":{"x":0.03035629726946354,"y":-0.26631394028663638,"z":0.008391700685024262,"w":0.963371753692627},"size":0.9284228682518005,"orthographic":false}