{"cameraMode":{"drawMode":0,"name":"Shaded","section":"Shading Mode"},"sceneLighting":true,"audioPlay":false,"sceneViewState":{"showFog":true,"showMaterialUpdate":false,"showSkybox":true,"showFlares":true,"showImageEffects":true,"showParticleSystems":true},"in2DMode":false,"pivot":{"x":1.122999906539917,"y":-0.09499996900558472,"z":0.6500000357627869},"rotation":{"x":-0.007719873916357756,"y":0.9818459749221802,"z":-0.18507364392280579,"w":-0.04096667096018791},"size":0.2333451509475708,"orthographic":false}