{"cameraMode":{"drawMode":0,"name":"Shaded","section":"Shading Mode"},"sceneLighting":false,"audioPlay":false,"sceneViewState":{"showFog":true,"showMaterialUpdate":false,"showSkybox":false,"showFlares":true,"showImageEffects":true,"showParticleSystems":true},"in2DMode":false,"pivot":{"x":-0.1875360906124115,"y":0.17356787621974946,"z":0.11481219530105591},"rotation":{"x":-0.004294896498322487,"y":-0.9953191876411438,"z":0.0807974636554718,"w":-0.05290277674794197},"size":0.49148890376091006,"orthographic":true}