{"cameraMode":{"drawMode":0,"name":"Shaded","section":"Shading Mode"},"sceneLighting":false,"audioPlay":false,"sceneViewState":{"showFog":true,"showMaterialUpdate":false,"showSkybox":false,"showFlares":true,"showImageEffects":true,"showParticleSystems":true},"in2DMode":false,"pivot":{"x":0.0,"y":-0.08234243839979172,"z":-0.11112026870250702},"rotation":{"x":0.0014831969747319818,"y":0.9958193898200989,"z":-0.08986634761095047,"w":0.016432534903287889},"size":0.46154749393463137,"orthographic":false}