{"cameraMode":{"drawMode":0,"name":"Shaded","section":"Shading Mode"},"sceneLighting":true,"audioPlay":false,"sceneViewState":{"showFog":true,"showMaterialUpdate":false,"showSkybox":true,"showFlares":true,"showImageEffects":true,"showParticleSystems":true},"in2DMode":false,"pivot":{"x":0.2939407229423523,"y":0.09845918416976929,"z":-0.03337863087654114},"rotation":{"x":-0.007788773160427809,"y":-0.986267626285553,"z":0.15764610469341279,"w":-0.04877084121108055},"size":0.9142116904258728,"orthographic":false}