{"cameraMode":{"drawMode":0,"name":"Shaded","section":"Shading Mode"},"sceneLighting":false,"audioPlay":false,"sceneViewState":{"showFog":true,"showMaterialUpdate":false,"showSkybox":false,"showFlares":true,"showImageEffects":true,"showParticleSystems":true},"in2DMode":false,"pivot":{"x":0.26709848642349245,"y":0.4851352572441101,"z":0.6445786952972412},"rotation":{"x":-0.3189464807510376,"y":-0.40822651982307436,"z":-0.8412346839904785,"w":0.15478014945983888},"size":1.8175106048583985,"orthographic":false}