{"cameraMode":{"drawMode":0,"name":"Shaded","section":"Shading Mode"},"sceneLighting":true,"audioPlay":false,"sceneViewState":{"showFog":true,"showMaterialUpdate":false,"showSkybox":true,"showFlares":true,"showImageEffects":true,"showParticleSystems":true},"in2DMode":false,"pivot":{"x":-0.18989980220794679,"y":-0.16063708066940309,"z":4.545300006866455},"rotation":{"x":-0.02498636767268181,"y":0.030230354517698289,"z":-0.0007502594962716103,"w":-0.9992478489875794},"size":5.164355754852295,"orthographic":false}