{"cameraMode":{"drawMode":0,"name":"Shaded","section":"Shading Mode"},"sceneLighting":false,"audioPlay":false,"sceneViewState":{"showFog":true,"showMaterialUpdate":false,"showSkybox":false,"showFlares":true,"showImageEffects":true,"showParticleSystems":true},"in2DMode":false,"pivot":{"x":0.13743332028388978,"y":0.15617632865905763,"z":0.6248041391372681},"rotation":{"x":0.37638184428215029,"y":-0.23792165517807008,"z":-0.8897203803062439,"w":-0.10064760595560074},"size":1.4295063018798829,"orthographic":false}