{"cameraMode":{"drawMode":0,"name":"Shaded","section":"Shading Mode"},"sceneLighting":false,"audioPlay":false,"sceneViewState":{"showFog":true,"showMaterialUpdate":false,"showSkybox":false,"showFlares":true,"showImageEffects":true,"showParticleSystems":true},"in2DMode":false,"pivot":{"x":0.10059443861246109,"y":0.2753148674964905,"z":-0.29299336671829226},"rotation":{"x":-0.1167573481798172,"y":0.06906294077634812,"z":-0.008139027282595635,"w":-0.9907243847846985},"size":0.5515689849853516,"orthographic":false}