{"cameraMode":{"drawMode":0,"name":"Shaded","section":"Shading Mode"},"sceneLighting":false,"audioPlay":false,"sceneViewState":{"showFog":true,"showMaterialUpdate":false,"showSkybox":false,"showFlares":true,"showImageEffects":true,"showParticleSystems":true},"in2DMode":false,"pivot":{"x":-0.009691650047898293,"y":0.14465560019016267,"z":-0.35967862606048586},"rotation":{"x":-0.004062195308506489,"y":-0.9958685040473938,"z":0.07032454013824463,"w":-0.05743192508816719},"size":0.907951295375824,"orthographic":false}