{"cameraMode":{"drawMode":0,"name":"Shaded","section":"Shading Mode"},"sceneLighting":true,"audioPlay":false,"sceneViewState":{"showFog":true,"showMaterialUpdate":false,"showSkybox":true,"showFlares":true,"showImageEffects":true,"showParticleSystems":true},"in2DMode":false,"pivot":{"x":-0.13693934679031373,"y":-0.10128402709960938,"z":-0.12978380918502809},"rotation":{"x":-0.15911005437374116,"y":-0.8171372413635254,"z":0.48483091592788699,"w":-0.2681652903556824},"size":1.2898523807525635,"orthographic":false}