{"cameraMode":{"drawMode":0,"name":"Shaded","section":"Shading Mode"},"sceneLighting":true,"audioPlay":false,"sceneViewState":{"showFog":true,"showMaterialUpdate":false,"showSkybox":true,"showFlares":true,"showImageEffects":true,"showParticleSystems":true},"in2DMode":false,"pivot":{"x":0.8156466484069824,"y":-1.7649210691452027,"z":-1.1260573863983155},"rotation":{"x":-0.07438546419143677,"y":-0.8908131718635559,"z":0.15796220302581788,"w":-0.4194885492324829},"size":1.9480230808258057,"orthographic":false}