{"cameraMode":{"drawMode":0,"name":"Shaded","section":"Shading Mode"},"sceneLighting":false,"audioPlay":false,"sceneViewState":{"showFog":true,"showMaterialUpdate":false,"showSkybox":false,"showFlares":true,"showImageEffects":true,"showParticleSystems":true},"in2DMode":false,"pivot":{"x":0.11602677404880524,"y":0.2707473933696747,"z":2.1168718338012697},"rotation":{"x":-0.16709008812904359,"y":-0.12241902202367783,"z":-0.9780921936035156,"w":0.020912399515509607},"size":2.9309325218200685,"orthographic":false}