{"cameraMode":{"drawMode":0,"name":"Shaded","section":"Shading Mode"},"sceneLighting":false,"audioPlay":false,"sceneViewState":{"showFog":true,"showMaterialUpdate":false,"showSkybox":false,"showFlares":true,"showImageEffects":true,"showParticleSystems":true},"in2DMode":false,"pivot":{"x":0.1316780149936676,"y":0.14592260122299195,"z":-0.04234366863965988},"rotation":{"x":0.07424251735210419,"y":0.7173067927360535,"z":-0.07732435315847397,"w":0.6884748339653015},"size":0.6484311819076538,"orthographic":false}