{"cameraMode":{"drawMode":0,"name":"Shaded","section":"Shading Mode"},"sceneLighting":false,"audioPlay":false,"sceneViewState":{"showFog":true,"showMaterialUpdate":false,"showSkybox":false,"showFlares":true,"showImageEffects":true,"showParticleSystems":true},"in2DMode":false,"pivot":{"x":0.16417430341243745,"y":0.06277009099721909,"z":-0.13623565435409547},"rotation":{"x":0.06852816790342331,"y":0.8734194040298462,"z":-0.12878289818763734,"w":0.46462810039520266},"size":0.9203092455863953,"orthographic":false}