{"cameraMode":{"drawMode":0,"name":"Shaded","section":"Shading Mode"},"sceneLighting":false,"audioPlay":false,"sceneViewState":{"showFog":true,"showMaterialUpdate":false,"showSkybox":false,"showFlares":true,"showImageEffects":true,"showParticleSystems":true},"in2DMode":false,"pivot":{"x":0.09854430705308914,"y":0.1625719964504242,"z":0.043093886226415637},"rotation":{"x":0.16110411286354066,"y":0.6050509214401245,"z":-0.1266743242740631,"w":0.7693724632263184},"size":0.34843116998672488,"orthographic":false}