{"cameraMode":{"drawMode":0,"name":"Shaded","section":"Shading Mode"},"sceneLighting":true,"audioPlay":false,"sceneViewState":{"showFog":true,"showMaterialUpdate":false,"showSkybox":true,"showFlares":true,"showImageEffects":true,"showParticleSystems":true},"in2DMode":false,"pivot":{"x":-0.21199798583984376,"y":-0.6819992065429688,"z":0.6598418951034546},"rotation":{"x":-0.16929252445697785,"y":0.06640224903821945,"z":-0.01142361480742693,"w":-0.9832761287689209},"size":1.715524673461914,"orthographic":false}