{"cameraMode":{"drawMode":0,"name":"Shaded","section":"Shading Mode"},"sceneLighting":false,"audioPlay":false,"sceneViewState":{"showFog":true,"showMaterialUpdate":false,"showSkybox":false,"showFlares":true,"showImageEffects":true,"showParticleSystems":true},"in2DMode":false,"pivot":{"x":-0.13146300613880158,"y":0.1680457592010498,"z":-0.12013121694326401},"rotation":{"x":-0.000039617887523490936,"y":-0.999653160572052,"z":-0.0014995174715295435,"w":0.026395399123430253},"size":0.46294742822647097,"orthographic":true}