{"cameraMode":{"drawMode":0,"name":"Shaded","section":"Shading Mode"},"sceneLighting":false,"audioPlay":false,"sceneViewState":{"showFog":true,"showMaterialUpdate":false,"showSkybox":false,"showFlares":true,"showImageEffects":true,"showParticleSystems":true},"in2DMode":false,"pivot":{"x":0.5213176012039185,"y":0.061108432710170749,"z":0.536933183670044},"rotation":{"x":-0.021959930658340455,"y":-0.40297403931617739,"z":0.00967540591955185,"w":-0.9149028062820435},"size":1.6615474224090577,"orthographic":false}