{"cameraMode":{"drawMode":0,"name":"Shaded","section":"Shading Mode"},"sceneLighting":true,"audioPlay":false,"sceneViewState":{"showFog":true,"showMaterialUpdate":false,"showSkybox":true,"showFlares":true,"showImageEffects":true,"showParticleSystems":true},"in2DMode":false,"pivot":{"x":0.7327946424484253,"y":0.251384437084198,"z":-0.11518767476081848},"rotation":{"x":-0.14051347970962525,"y":-0.2792596220970154,"z":0.04134894907474518,"w":-0.9489820599555969},"size":3.2726235389709474,"orthographic":false}