{"cameraMode":{"drawMode":0,"name":"Shaded","section":"Shading Mode"},"sceneLighting":true,"audioPlay":false,"sceneViewState":{"showFog":true,"showMaterialUpdate":false,"showSkybox":true,"showFlares":true,"showImageEffects":true,"showParticleSystems":true},"in2DMode":false,"pivot":{"x":-0.7727178335189819,"y":-0.6111111640930176,"z":-0.0593709833920002},"rotation":{"x":0.028701037168502809,"y":0.9712889790534973,"z":-0.16472922265529633,"w":0.16922922432422639},"size":0.7813709378242493,"orthographic":false}