{"cameraMode":{"drawMode":0,"name":"Shaded","section":"Shading Mode"},"sceneLighting":false,"audioPlay":false,"sceneViewState":{"showFog":true,"showMaterialUpdate":false,"showSkybox":false,"showFlares":true,"showImageEffects":true,"showParticleSystems":true},"in2DMode":false,"pivot":{"x":-0.3715091943740845,"y":-0.2709362506866455,"z":-0.8925101161003113},"rotation":{"x":-0.8622833490371704,"y":-0.036601003259420398,"z":0.06297493726015091,"w":-0.5011655688285828},"size":1.7309327125549317,"orthographic":false}