{"cameraMode":{"drawMode":0,"name":"Shaded","section":"Shading Mode"},"sceneLighting":false,"audioPlay":false,"sceneViewState":{"showFog":true,"showMaterialUpdate":false,"showSkybox":false,"showFlares":true,"showImageEffects":true,"showParticleSystems":true},"in2DMode":false,"pivot":{"x":-0.07752387225627899,"y":-0.5744260549545288,"z":-1.1764638423919678},"rotation":{"x":-0.0028022436890751125,"y":0.9541180729866028,"z":-0.29932907223701479,"w":-0.008939186111092568},"size":1.9069232940673829,"orthographic":false}