{"cameraMode":{"drawMode":0,"name":"Shaded","section":"Shading Mode"},"sceneLighting":false,"audioPlay":false,"sceneViewState":{"showFog":true,"showMaterialUpdate":false,"showSkybox":false,"showFlares":true,"showImageEffects":true,"showParticleSystems":true},"in2DMode":false,"pivot":{"x":0.16083292663097382,"y":0.17891710996627809,"z":-0.046518828719854358},"rotation":{"x":-0.2402874082326889,"y":0.2585924565792084,"z":-0.06658271700143814,"w":-0.9332543611526489},"size":0.41956061124801638,"orthographic":true}