{"cameraMode":{"drawMode":0,"name":"Shaded","section":"Shading Mode"},"sceneLighting":false,"audioPlay":false,"sceneViewState":{"showFog":true,"showMaterialUpdate":false,"showSkybox":false,"showFlares":true,"showImageEffects":true,"showParticleSystems":true},"in2DMode":false,"pivot":{"x":-1.9884694814682007,"y":-4.775903701782227,"z":8.807499885559082},"rotation":{"x":0.12999475002288819,"y":0.69364333152771,"z":-0.12944945693016053,"w":0.6965656280517578},"size":0.9284228682518005,"orthographic":false}