{"cameraMode":{"drawMode":0,"name":"Shaded","section":"Shading Mode"},"sceneLighting":false,"audioPlay":false,"sceneViewState":{"showFog":true,"showMaterialUpdate":false,"showSkybox":false,"showFlares":true,"showImageEffects":true,"showParticleSystems":true},"in2DMode":false,"pivot":{"x":0.17591547966003419,"y":-2.5744099617004396,"z":-6.738914966583252},"rotation":{"x":-0.001437937724404037,"y":-0.9778863191604614,"z":0.20903511345386506,"w":-0.006747025065124035},"size":8.381443977355957,"orthographic":false}