{"cameraMode":{"drawMode":0,"name":"Shaded","section":"Shading Mode"},"sceneLighting":false,"audioPlay":false,"sceneViewState":{"showFog":true,"showMaterialUpdate":false,"showSkybox":false,"showFlares":true,"showImageEffects":true,"showParticleSystems":true},"in2DMode":false,"pivot":{"x":0.4720214903354645,"y":-0.2029566764831543,"z":-0.35577183961868288},"rotation":{"x":-0.03479154780507088,"y":-0.9118922352790833,"z":0.07907780259847641,"w":-0.4012680649757385},"size":1.359400749206543,"orthographic":false}