{"cameraMode":{"drawMode":0,"name":"Shaded","section":"Shading Mode"},"sceneLighting":true,"audioPlay":false,"sceneViewState":{"showFog":true,"showMaterialUpdate":false,"showSkybox":true,"showFlares":true,"showImageEffects":true,"showParticleSystems":true},"in2DMode":false,"pivot":{"x":0.6708838939666748,"y":-0.05409839004278183,"z":-1.303847074508667},"rotation":{"x":0.0031695053912699224,"y":0.993803083896637,"z":-0.10724720358848572,"w":0.02945737913250923},"size":1.9594008922576905,"orthographic":false}