{"cameraMode":{"drawMode":0,"name":"Shaded","section":"Shading Mode"},"sceneLighting":false,"audioPlay":false,"sceneViewState":{"showFog":true,"showMaterialUpdate":false,"showSkybox":false,"showFlares":true,"showImageEffects":true,"showParticleSystems":true},"in2DMode":false,"pivot":{"x":-0.06896644830703736,"y":0.46961721777915957,"z":-0.1408931016921997},"rotation":{"x":-0.007788773160427809,"y":-0.986267626285553,"z":0.15764610469341279,"w":-0.04877084121108055},"size":1.6085517406463624,"orthographic":false}