{"cameraMode":{"drawMode":0,"name":"Shaded","section":"Shading Mode"},"sceneLighting":false,"audioPlay":false,"sceneViewState":{"showFog":true,"showMaterialUpdate":false,"showSkybox":false,"showFlares":true,"showImageEffects":true,"showParticleSystems":true},"in2DMode":false,"pivot":{"x":-1.950571894645691,"y":-4.248542308807373,"z":8.841612815856934},"rotation":{"x":-0.0405849888920784,"y":-0.25608518719673159,"z":-0.010761884041130543,"w":0.9657421708106995},"size":2.128422737121582,"orthographic":false}