{"cameraMode":{"drawMode":0,"name":"Shaded","section":"Shading Mode"},"sceneLighting":true,"audioPlay":false,"sceneViewState":{"showFog":true,"showMaterialUpdate":false,"showSkybox":true,"showFlares":true,"showImageEffects":true,"showParticleSystems":true},"in2DMode":false,"pivot":{"x":0.043692924082279208,"y":0.020162124186754228,"z":0.043048396706581119},"rotation":{"x":0.029366668313741685,"y":0.7992709875106812,"z":-0.03920077532529831,"w":0.598992109298706},"size":0.15940065681934358,"orthographic":false}