{"cameraMode":{"drawMode":0,"name":"Shaded","section":"Shading Mode"},"sceneLighting":false,"audioPlay":false,"sceneViewState":{"showFog":true,"showMaterialUpdate":false,"showSkybox":false,"showFlares":true,"showImageEffects":true,"showParticleSystems":true},"in2DMode":false,"pivot":{"x":0.08369006216526032,"y":1.1263508796691895,"z":1.4983909130096436},"rotation":{"x":-0.03338974714279175,"y":-0.26059362292289736,"z":-0.9648374319076538,"w":0.009014606475830078},"size":4.705678462982178,"orthographic":false}