{"cameraMode":{"drawMode":0,"name":"Shaded","section":"Shading Mode"},"sceneLighting":true,"audioPlay":false,"sceneViewState":{"showFog":true,"showMaterialUpdate":false,"showSkybox":true,"showFlares":true,"showImageEffects":true,"showParticleSystems":true},"in2DMode":false,"pivot":{"x":0.7185903787612915,"y":-0.25592848658561709,"z":-1.0238291025161744},"rotation":{"x":0.014531411230564118,"y":0.9740363955497742,"z":-0.21628014743328095,"w":0.06548900902271271},"size":1.359400749206543,"orthographic":false}