{"cameraMode":{"drawMode":0,"name":"Shaded","section":"Shading Mode"},"sceneLighting":true,"audioPlay":false,"sceneViewState":{"showFog":true,"showMaterialUpdate":false,"showSkybox":true,"showFlares":true,"showImageEffects":true,"showParticleSystems":true},"in2DMode":false,"pivot":{"x":-249.17149353027345,"y":-708.3232421875,"z":-135.0009307861328},"rotation":{"x":0.0004849726101383567,"y":-0.9955318570137024,"z":0.09435782581567764,"w":0.005069142207503319},"size":2518.712890625,"orthographic":false}