{"cameraMode":{"drawMode":0,"name":"Shaded","section":"Shading Mode"},"sceneLighting":true,"audioPlay":false,"sceneViewState":{"showFog":true,"showMaterialUpdate":false,"showSkybox":true,"showFlares":true,"showImageEffects":true,"showParticleSystems":true},"in2DMode":false,"pivot":{"x":0.8784788846969605,"y":-0.24627140164375306,"z":-1.2761729955673218},"rotation":{"x":-0.0053729708306491379,"y":-0.9850140810012817,"z":0.1695915013551712,"w":-0.03126004338264465},"size":2.3025882244110109,"orthographic":false}