{"cameraMode":{"drawMode":0,"name":"Shaded","section":"Shading Mode"},"sceneLighting":false,"audioPlay":false,"sceneViewState":{"showFog":true,"showMaterialUpdate":false,"showSkybox":false,"showFlares":true,"showImageEffects":true,"showParticleSystems":true},"in2DMode":false,"pivot":{"x":0.7031222581863403,"y":-0.14202521741390229,"z":0.1405458301305771},"rotation":{"x":-0.06806714087724686,"y":-0.6730716228485107,"z":0.06244112178683281,"w":-0.7338042259216309},"size":1.059401035308838,"orthographic":false}