{"cameraMode":{"drawMode":0,"name":"Shaded","section":"Shading Mode"},"sceneLighting":false,"audioPlay":false,"sceneViewState":{"showFog":true,"showMaterialUpdate":false,"showSkybox":false,"showFlares":true,"showImageEffects":true,"showParticleSystems":true},"in2DMode":false,"pivot":{"x":0.051895998418331149,"y":0.20795820653438569,"z":-0.215509295463562},"rotation":{"x":-0.1167573481798172,"y":0.06906294077634812,"z":-0.008139027282595635,"w":-0.9907243847846985},"size":0.6484310626983643,"orthographic":false}