{"cameraMode":{"drawMode":0,"name":"Shaded","section":"Shading Mode"},"sceneLighting":false,"audioPlay":false,"sceneViewState":{"showFog":true,"showMaterialUpdate":false,"showSkybox":false,"showFlares":true,"showImageEffects":true,"showParticleSystems":true},"in2DMode":false,"pivot":{"x":-0.02352425456047058,"y":0.0848824679851532,"z":-0.11391192674636841},"rotation":{"x":-0.000039617887523490936,"y":-0.999653160572052,"z":-0.0014995174715295435,"w":0.026395399123430253},"size":0.3714926540851593,"orthographic":true}