{"cameraMode":{"drawMode":0,"name":"Shaded","section":"Shading Mode"},"sceneLighting":false,"audioPlay":false,"sceneViewState":{"showFog":true,"showMaterialUpdate":false,"showSkybox":false,"showFlares":true,"showImageEffects":true,"showParticleSystems":true},"in2DMode":false,"pivot":{"x":0.1652916520833969,"y":-0.12591570615768434,"z":-0.005530737340450287},"rotation":{"x":-0.11045776307582855,"y":-0.5179389119148254,"z":0.06766035407781601,"w":-0.8455531597137451},"size":0.479256272315979,"orthographic":false}