{"cameraMode":{"drawMode":0,"name":"Shaded","section":"Shading Mode"},"sceneLighting":false,"audioPlay":false,"sceneViewState":{"showFog":true,"showMaterialUpdate":false,"showSkybox":false,"showFlares":true,"showImageEffects":true,"showParticleSystems":true},"in2DMode":false,"pivot":{"x":-0.003335416316986084,"y":-0.1653309166431427,"z":0.30455002188682558},"rotation":{"x":-0.007788773160427809,"y":-0.986267626285553,"z":0.15764610469341279,"w":-0.04877084121108055},"size":1.6914482116699219,"orthographic":false}