{"cameraMode":{"drawMode":0,"name":"Shaded","section":"Shading Mode"},"sceneLighting":false,"audioPlay":false,"sceneViewState":{"showFog":true,"showMaterialUpdate":false,"showSkybox":false,"showFlares":true,"showImageEffects":true,"showParticleSystems":true},"in2DMode":false,"pivot":{"x":0.15047171711921693,"y":0.10520930588245392,"z":-0.2271881401538849},"rotation":{"x":-0.03467298299074173,"y":-0.9493433237075806,"z":0.11302454024553299,"w":-0.29117804765701296},"size":0.607951283454895,"orthographic":false}