{"cameraMode":{"drawMode":0,"name":"Shaded","section":"Shading Mode"},"sceneLighting":false,"audioPlay":false,"sceneViewState":{"showFog":true,"showMaterialUpdate":false,"showSkybox":false,"showFlares":true,"showImageEffects":true,"showParticleSystems":true},"in2DMode":false,"pivot":{"x":0.01615063287317753,"y":-0.0040197111666202549,"z":-0.007406916003674269},"rotation":{"x":-0.10720205307006836,"y":0.20632672309875489,"z":-0.022748028859496118,"w":-0.9723286628723145},"size":0.5515689849853516,"orthographic":false}