{"cameraMode":{"drawMode":0,"name":"Shaded","section":"Shading Mode"},"sceneLighting":false,"audioPlay":false,"sceneViewState":{"showFog":true,"showMaterialUpdate":false,"showSkybox":false,"showFlares":true,"showImageEffects":true,"showParticleSystems":true},"in2DMode":false,"pivot":{"x":-2.239854335784912,"y":-4.768313884735107,"z":8.332695007324219},"rotation":{"x":-0.04359237104654312,"y":-0.9448235034942627,"z":0.2925882637500763,"w":-0.14076028764247895},"size":0.5715771913528442,"orthographic":false}