{"cameraMode":{"drawMode":0,"name":"Shaded","section":"Shading Mode"},"sceneLighting":false,"audioPlay":false,"sceneViewState":{"showFog":true,"showMaterialUpdate":false,"showSkybox":false,"showFlares":true,"showImageEffects":true,"showParticleSystems":true},"in2DMode":false,"pivot":{"x":-0.430745005607605,"y":-0.12159976363182068,"z":0.10256630182266236},"rotation":{"x":0.6056065559387207,"y":-0.1390388458967209,"z":-0.7759745717048645,"w":-0.10851094126701355},"size":1.1295063495635987,"orthographic":false}