{"cameraMode":{"drawMode":0,"name":"Shaded","section":"Shading Mode"},"sceneLighting":false,"audioPlay":false,"sceneViewState":{"showFog":true,"showMaterialUpdate":false,"showSkybox":false,"showFlares":true,"showImageEffects":true,"showParticleSystems":true},"in2DMode":false,"pivot":{"x":1.4901161193847657e-8,"y":0.0,"z":-0.11403894424438477},"rotation":{"x":0.002018284285441041,"y":0.9911494851112366,"z":-0.13190901279449464,"w":0.015166261233389378},"size":0.8314005136489868,"orthographic":false}