{"cameraMode":{"drawMode":0,"name":"Shaded","section":"Shading Mode"},"sceneLighting":true,"audioPlay":false,"sceneViewState":{"showFog":true,"showMaterialUpdate":false,"showSkybox":true,"showFlares":true,"showImageEffects":true,"showParticleSystems":true},"in2DMode":false,"pivot":{"x":0.16540983319282533,"y":-0.052841655910015109,"z":-0.7616986036300659},"rotation":{"x":0.005238685291260481,"y":-0.989192008972168,"z":0.1419212520122528,"w":0.0365157276391983},"size":2.189852237701416,"orthographic":false}