{"cameraMode":{"drawMode":0,"name":"Shaded","section":"Shading Mode"},"sceneLighting":false,"audioPlay":false,"sceneViewState":{"showFog":true,"showMaterialUpdate":false,"showSkybox":false,"showFlares":true,"showImageEffects":true,"showParticleSystems":true},"in2DMode":false,"pivot":{"x":-0.037363842129707339,"y":0.06887099146842957,"z":-0.05459952354431152},"rotation":{"x":-0.6374161839485169,"y":0.17430657148361207,"z":0.7351744174957275,"w":0.15112778544425965},"size":2.029506206512451,"orthographic":false}