{"cameraMode":{"drawMode":0,"name":"Shaded","section":"Shading Mode"},"sceneLighting":true,"audioPlay":false,"sceneViewState":{"showFog":true,"showMaterialUpdate":false,"showSkybox":true,"showFlares":true,"showImageEffects":true,"showParticleSystems":true},"in2DMode":false,"pivot":{"x":0.7098149061203003,"y":-0.3732404112815857,"z":-2.4083251953125},"rotation":{"x":0.004948961082845926,"y":0.994603157043457,"z":-0.08674927055835724,"w":0.056753870099782947},"size":3.349459648132324,"orthographic":false}