{"cameraMode":{"drawMode":0,"name":"Shaded","section":"Shading Mode"},"sceneLighting":true,"audioPlay":false,"sceneViewState":{"showFog":true,"showMaterialUpdate":false,"showSkybox":true,"showFlares":true,"showImageEffects":true,"showParticleSystems":true},"in2DMode":false,"pivot":{"x":0.23023119568824769,"y":0.05471382290124893,"z":0.4369385242462158},"rotation":{"x":0.05182669311761856,"y":0.9303682446479797,"z":-0.1448964625597,"w":0.332773894071579},"size":2.5032360553741457,"orthographic":false}