{"cameraMode":{"drawMode":0,"name":"Shaded","section":"Shading Mode"},"sceneLighting":false,"audioPlay":false,"sceneViewState":{"showFog":true,"showMaterialUpdate":false,"showSkybox":false,"showFlares":true,"showImageEffects":true,"showParticleSystems":true},"in2DMode":false,"pivot":{"x":-0.09018150717020035,"y":0.1542702615261078,"z":0.10542232543230057},"rotation":{"x":0.016378384083509446,"y":-0.9791052341461182,"z":0.18272282183170319,"w":0.0877644270658493},"size":0.4121435880661011,"orthographic":true}