{"cameraMode":{"drawMode":0,"name":"Shaded","section":"Shading Mode"},"sceneLighting":true,"audioPlay":false,"sceneViewState":{"showFog":true,"showMaterialUpdate":false,"showSkybox":true,"showFlares":true,"showImageEffects":true,"showParticleSystems":true},"in2DMode":false,"pivot":{"x":0.7144732475280762,"y":89.43258666992188,"z":-0.24981877207756043},"rotation":{"x":0.4083680808544159,"y":0.03539302572607994,"z":-0.015863489359617235,"w":0.912000834941864},"size":15.696456909179688,"orthographic":false}